<?xml version="1.0" encoding="UTF-8"?>

<!-- generated on 2022-11-19 14:16:11 by Eclipse SUMO GUI Version 1.14.1
<configuration xmlns:xsi="http://www.w3.org/2001/XMLSchema-instance" xsi:noNamespaceSchemaLocation="http://sumo.dlr.de/xsd/sumoConfiguration.xsd">

    <input>
        <net-file value="C:/Users/Huawei/Desktop/Simulation%20Project/maps/BlackwellTunnelNorthApproach_no_TLS/BlackwellTunnelNorthApproach_no_TLS.net.xml"/>
        <route-files value="C:/Users/Huawei/Desktop/Simulation%20Project/maps/BlackwellTunnelNorthApproach_no_TLS/BlackwellTunnelNorthApproach_no_TLS.rou.xml"/>
        <additional-files value="C:/Users/Huawei/Desktop/Simulation%20Project/output/additional.xml"/>
    </input>

    <time>
        <step-length value="0.1"/>
    </time>

    <processing>
        <collision.action value="none"/>
        <scale value="1"/>
    </processing>

    <report>
        <duration-log.statistics value="true"/>
    </report>

    <traci_server>
        <remote-port value="60346"/>
    </traci_server>

    <gui_only>
        <gui-settings-file value="C:/Users/Huawei/Desktop/Simulation%20Project/maps/BlackwellTunnelNorthApproach_no_TLS/gui.settings.xml"/>
        <start value="true"/>
    </gui_only>

</configuration>
-->

<meandata xmlns:xsi="http://www.w3.org/2001/XMLSchema-instance" xsi:noNamespaceSchemaLocation="http://sumo.dlr.de/xsd/meandata_file.xsd">
    <interval begin="0.00" end="12.80" id="emissions">
        <edge id="-235744905#2" sampledSeconds="0.00" CO_abs="0" CO2_abs="0" HC_abs="0" PMx_abs="0" NOx_abs="0" fuel_abs="0" electricity_abs="0"
            CO_normed="0" CO2_normed="0" HC_normed="0" PMx_normed="0" NOx_normed="0" fuel_normed="0" electricity_normed="0"/>
        <edge id="-553673729" sampledSeconds="0.00" CO_abs="0" CO2_abs="0" HC_abs="0" PMx_abs="0" NOx_abs="0" fuel_abs="0" electricity_abs="0"
            CO_normed="0" CO2_normed="0" HC_normed="0" PMx_normed="0" NOx_normed="0" fuel_normed="0" electricity_normed="0"/>
        <edge id="197262682#0" sampledSeconds="0.00" CO_abs="0" CO2_abs="0" HC_abs="0" PMx_abs="0" NOx_abs="0" fuel_abs="0" electricity_abs="0"
            CO_normed="0" CO2_normed="0" HC_normed="0" PMx_normed="0" NOx_normed="0" fuel_normed="0" electricity_normed="0"/>
        <edge id="204036496" sampledSeconds="1.04" CO_abs="4.239548" CO2_abs="2514.865953" HC_abs="0.051624" PMx_abs="0.014856" NOx_abs="0.778495" fuel_abs="802.138579" electricity_abs="0"
            CO_normed="4.242565" CO2_normed="2516.655575" HC_normed="0.051660" PMx_normed="0.014866" NOx_normed="0.779049" fuel_normed="802.709395" electricity_normed="0"
            traveltime="20.61" CO_perVeh="84.223577" CO2_perVeh="49960.749937" HC_perVeh="1.025562" PMx_perVeh="0.295126" NOx_perVeh="15.465704" fuel_perVeh="15935.419905" electricity_perVeh="0"/>
        <edge id="204037392" sampledSeconds="0.00" CO_abs="0" CO2_abs="0" HC_abs="0" PMx_abs="0" NOx_abs="0" fuel_abs="0" electricity_abs="0"
            CO_normed="0" CO2_normed="0" HC_normed="0" PMx_normed="0" NOx_normed="0" fuel_normed="0" electricity_normed="0"/>
        <edge id="204039616" sampledSeconds="0.00" CO_abs="0" CO2_abs="0" HC_abs="0" PMx_abs="0" NOx_abs="0" fuel_abs="0" electricity_abs="0"
            CO_normed="0" CO2_normed="0" HC_normed="0" PMx_normed="0" NOx_normed="0" fuel_normed="0" electricity_normed="0"/>
        <edge id="204039621" sampledSeconds="0.00" CO_abs="0" CO2_abs="0" HC_abs="0" PMx_abs="0" NOx_abs="0" fuel_abs="0" electricity_abs="0"
            CO_normed="0" CO2_normed="0" HC_normed="0" PMx_normed="0" NOx_normed="0" fuel_normed="0" electricity_normed="0"/>
        <edge id="204040187#0" sampledSeconds="1.46" CO_abs="12.620265" CO2_abs="2987.506396" HC_abs="0.104308" PMx_abs="0.027373" NOx_abs="0.987614" fuel_abs="952.886431" electricity_abs="0"
            CO_normed="56.394177" CO2_normed="13349.796216" HC_normed="0.466106" PMx_normed="0.122319" NOx_normed="4.413195" fuel_normed="4258.012532" electricity_normed="0"
            traveltime="4.57" CO_perVeh="39.450144" CO2_perVeh="9338.754796" HC_perVeh="0.326061" PMx_perVeh="0.085567" NOx_perVeh="3.087219" fuel_perVeh="2978.662319" electricity_perVeh="0"/>
        <edge id="204040187#1" sampledSeconds="0.00" CO_abs="0" CO2_abs="0" HC_abs="0" PMx_abs="0" NOx_abs="0" fuel_abs="0" electricity_abs="0"
            CO_normed="0" CO2_normed="0" HC_normed="0" PMx_normed="0" NOx_normed="0" fuel_normed="0" electricity_normed="0"/>
        <edge id="204040189" sampledSeconds="0.00" CO_abs="0" CO2_abs="0" HC_abs="0" PMx_abs="0" NOx_abs="0" fuel_abs="0" electricity_abs="0"
            CO_normed="0" CO2_normed="0" HC_normed="0" PMx_normed="0" NOx_normed="0" fuel_normed="0" electricity_normed="0"/>
        <edge id="204195630" sampledSeconds="0.00" CO_abs="0" CO2_abs="0" HC_abs="0" PMx_abs="0" NOx_abs="0" fuel_abs="0" electricity_abs="0"
            CO_normed="0" CO2_normed="0" HC_normed="0" PMx_normed="0" NOx_normed="0" fuel_normed="0" electricity_normed="0"/>
        <edge id="204332894#0" sampledSeconds="8.42" CO_abs="79.178135" CO2_abs="18866.868643" HC_abs="0.739952" PMx_abs="0.173615" NOx_abs="6.346680" fuel_abs="6017.728892" electricity_abs="0"
            CO_normed="616.524096" CO2_normed="146907.718880" HC_normed="5.761669" PMx_normed="1.351864" NOx_normed="49.418709" fuel_normed="46857.315912" electricity_normed="0"
            traveltime="2.74" CO_perVeh="25.804101" CO2_perVeh="6148.699799" HC_perVeh="0.241150" PMx_perVeh="0.056581" NOx_perVeh="2.068379" fuel_perVeh="1961.173798" electricity_perVeh="0"/>
        <edge id="204332894#1" sampledSeconds="1.67" CO_abs="13.127132" CO2_abs="3658.737370" HC_abs="0.117572" PMx_abs="0.032777" NOx_abs="1.197884" fuel_abs="1166.979668" electricity_abs="0"
            CO_normed="13.759199" CO2_normed="3834.904354" HC_normed="0.123233" PMx_normed="0.034356" NOx_normed="1.255562" fuel_normed="1223.169350" electricity_normed="0"
            traveltime="18.96" CO_perVeh="149.233633" CO2_perVeh="41593.753100" HC_perVeh="1.336594" PMx_perVeh="0.372624" NOx_perVeh="13.617945" fuel_perVeh="13266.616124" electricity_perVeh="0"/>
        <edge id="235744905#2" sampledSeconds="18.38" CO_abs="2020.359340" CO2_abs="91682.483911" HC_abs="11.368901" PMx_abs="1.832076" NOx_abs="39.460954" fuel_abs="29242.600715" electricity_abs="0"
            CO_normed="19771.261807" CO2_normed="897205.935973" HC_normed="111.256208" PMx_normed="17.928724" NOx_normed="386.165395" fuel_normed="286168.456890" electricity_normed="0"
            traveltime="3.91" CO_perVeh="429.708754" CO2_perVeh="19499.880624" HC_perVeh="2.418043" PMx_perVeh="0.389663" NOx_perVeh="8.392922" fuel_perVeh="6219.587415" electricity_perVeh="0"/>
        <edge id="235744952#0" sampledSeconds="1.22" CO_abs="5.604655" CO2_abs="2951.585675" HC_abs="0.089688" PMx_abs="0.018949" NOx_abs="0.946093" fuel_abs="941.436077" electricity_abs="0"
            CO_normed="23.297506" CO2_normed="12269.191119" HC_normed="0.372816" PMx_normed="0.078769" NOx_normed="3.932731" fuel_normed="3913.374174" electricity_normed="0"
            traveltime="5.38" CO_perVeh="24.770338" CO2_perVeh="13044.830142" HC_perVeh="0.396385" PMx_perVeh="0.083749" NOx_perVeh="4.181352" fuel_perVeh="4160.771552" electricity_perVeh="0"/>
        <edge id="235745292#1" sampledSeconds="0.00" CO_abs="0" CO2_abs="0" HC_abs="0" PMx_abs="0" NOx_abs="0" fuel_abs="0" electricity_abs="0"
            CO_normed="0" CO2_normed="0" HC_normed="0" PMx_normed="0" NOx_normed="0" fuel_normed="0" electricity_normed="0"/>
        <edge id="238640116" sampledSeconds="0.00" CO_abs="0" CO2_abs="0" HC_abs="0" PMx_abs="0" NOx_abs="0" fuel_abs="0" electricity_abs="0"
            CO_normed="0" CO2_normed="0" HC_normed="0" PMx_normed="0" NOx_normed="0" fuel_normed="0" electricity_normed="0"/>
        <edge id="24030319" sampledSeconds="0.00" CO_abs="0" CO2_abs="0" HC_abs="0" PMx_abs="0" NOx_abs="0" fuel_abs="0" electricity_abs="0"
            CO_normed="0" CO2_normed="0" HC_normed="0" PMx_normed="0" NOx_normed="0" fuel_normed="0" electricity_normed="0"/>
        <edge id="33740900#2" sampledSeconds="45.23" CO_abs="3958.379510" CO2_abs="211674.729160" HC_abs="22.921699" PMx_abs="4.014405" NOx_abs="88.654911" fuel_abs="67514.601324" electricity_abs="0"
            CO_normed="7677.361817" CO2_normed="410547.669652" HC_normed="44.457127" PMx_normed="7.786025" NOx_normed="171.948098" fuel_normed="130946.014913" electricity_normed="0"
            traveltime="14.67" CO_perVeh="1283.549458" CO2_perVeh="68637.932093" HC_perVeh="7.432621" PMx_perVeh="1.301716" NOx_perVeh="28.747361" fuel_perVeh="21892.375341" electricity_perVeh="0"/>
        <edge id="37576645#0" sampledSeconds="0.00" CO_abs="0" CO2_abs="0" HC_abs="0" PMx_abs="0" NOx_abs="0" fuel_abs="0" electricity_abs="0"
            CO_normed="0" CO2_normed="0" HC_normed="0" PMx_normed="0" NOx_normed="0" fuel_normed="0" electricity_normed="0"/>
        <edge id="37576655#0" sampledSeconds="0.00" CO_abs="0" CO2_abs="0" HC_abs="0" PMx_abs="0" NOx_abs="0" fuel_abs="0" electricity_abs="0"
            CO_normed="0" CO2_normed="0" HC_normed="0" PMx_normed="0" NOx_normed="0" fuel_normed="0" electricity_normed="0"/>
        <edge id="37576800" sampledSeconds="0.00" CO_abs="0" CO2_abs="0" HC_abs="0" PMx_abs="0" NOx_abs="0" fuel_abs="0" electricity_abs="0"
            CO_normed="0" CO2_normed="0" HC_normed="0" PMx_normed="0" NOx_normed="0" fuel_normed="0" electricity_normed="0"/>
        <edge id="37594519" sampledSeconds="0.00" CO_abs="0" CO2_abs="0" HC_abs="0" PMx_abs="0" NOx_abs="0" fuel_abs="0" electricity_abs="0"
            CO_normed="0" CO2_normed="0" HC_normed="0" PMx_normed="0" NOx_normed="0" fuel_normed="0" electricity_normed="0"/>
        <edge id="37607638#3" sampledSeconds="27.70" CO_abs="1267.092024" CO2_abs="77975.381114" HC_abs="7.565649" PMx_abs="1.211777" NOx_abs="31.052592" fuel_abs="24870.776782" electricity_abs="0"
            CO_normed="4117.500077" CO2_normed="253386.203794" HC_normed="24.585082" PMx_normed="3.937751" NOx_normed="100.907468" fuel_normed="80819.248643" electricity_normed="0"
            traveltime="9.51" CO_perVeh="434.966198" CO2_perVeh="26767.317941" HC_perVeh="2.597129" PMx_perVeh="0.415978" NOx_perVeh="10.659705" fuel_perVeh="8537.617644" electricity_perVeh="0"/>
        <edge id="5026614.1317" sampledSeconds="52.91" CO_abs="4997.415967" CO2_abs="290377.315526" HC_abs="29.447365" PMx_abs="5.542079" NOx_abs="121.916567" fuel_abs="92616.823904" electricity_abs="0"
            CO_normed="20678.582328" CO2_normed="1201539.208354" HC_normed="121.848927" PMx_normed="22.932319" NOx_normed="504.473070" fuel_normed="383234.981948" electricity_normed="0"
            traveltime="6.59" CO_perVeh="622.019315" CO2_perVeh="36142.738596" HC_perVeh="3.665260" PMx_perVeh="0.689813" NOx_perVeh="15.174734" fuel_perVeh="11527.848344" electricity_perVeh="0"/>
        <edge id="5027151" sampledSeconds="0.25" CO_abs="1.282431" CO2_abs="300.095957" HC_abs="0.012271" PMx_abs="0.001301" NOx_abs="0.093898" fuel_abs="95.719472" electricity_abs="0"
            CO_normed="9.117383" CO2_normed="2133.518397" HC_normed="0.087241" PMx_normed="0.009247" NOx_normed="0.667564" fuel_normed="680.513182" electricity_normed="0"
            traveltime="3.57" CO_perVeh="18.706686" CO2_perVeh="4377.468575" HC_perVeh="0.178998" PMx_perVeh="0.018973" NOx_perVeh="1.369682" fuel_perVeh="1396.250004" electricity_perVeh="0"/>
        <edge id="553671686#0" sampledSeconds="0.00" CO_abs="0" CO2_abs="0" HC_abs="0" PMx_abs="0" NOx_abs="0" fuel_abs="0" electricity_abs="0"
            CO_normed="0" CO2_normed="0" HC_normed="0" PMx_normed="0" NOx_normed="0" fuel_normed="0" electricity_normed="0"/>
        <edge id="553673729" sampledSeconds="18.14" CO_abs="1195.929052" CO2_abs="75352.579979" HC_abs="7.202650" PMx_abs="1.272117" NOx_abs="30.488838" fuel_abs="24034.097389" electricity_abs="0"
            CO_normed="3893.899583" CO2_normed="245345.139141" HC_normed="23.451553" PMx_normed="4.141966" NOx_normed="99.270500" fuel_normed="78254.108482" electricity_normed="0"
            traveltime="8.57" CO_perVeh="565.245959" CO2_perVeh="35614.772699" HC_perVeh="3.404273" PMx_perVeh="0.601256" NOx_perVeh="14.410297" fuel_perVeh="11359.517030" electricity_perVeh="0"/>
        <edge id="553805196#0" sampledSeconds="0.00" CO_abs="0" CO2_abs="0" HC_abs="0" PMx_abs="0" NOx_abs="0" fuel_abs="0" electricity_abs="0"
            CO_normed="0" CO2_normed="0" HC_normed="0" PMx_normed="0" NOx_normed="0" fuel_normed="0" electricity_normed="0"/>
        <edge id="A12NorthIn" sampledSeconds="30.31" CO_abs="4383.313931" CO2_abs="128917.000626" HC_abs="23.000086" PMx_abs="2.783254" NOx_abs="56.975273" fuel_abs="41119.474615" electricity_abs="0"
            CO_normed="17820.281050" CO2_normed="524109.662129" HC_normed="93.506421" PMx_normed="11.315268" NOx_normed="231.631911" fuel_normed="167170.457293" electricity_normed="0"
            traveltime="20.26" CO_perVeh="2930.624536" CO2_perVeh="86192.166727" HC_perVeh="15.377547" PMx_perVeh="1.860846" NOx_perVeh="38.092899" fuel_perVeh="27491.925771" electricity_perVeh="0"/>
        <edge id="A12NorthIn.81" sampledSeconds="64.82" CO_abs="5380.633267" CO2_abs="292152.269086" HC_abs="31.274341" PMx_abs="5.371172" NOx_abs="121.587472" fuel_abs="93183.406270" electricity_abs="0"
            CO_normed="18632.148564" CO2_normed="1011669.855704" HC_normed="108.297320" PMx_normed="18.599387" NOx_normed="421.035171" fuel_normed="322677.087088" electricity_normed="0"
            traveltime="8.66" CO_perVeh="718.936975" CO2_perVeh="39036.124235" HC_perVeh="4.178742" PMx_perVeh="0.717673" NOx_perVeh="16.245993" fuel_perVeh="12450.764237" electricity_perVeh="0"/>
        <edge id="A12NorthOut" sampledSeconds="0.00" CO_abs="0" CO2_abs="0" HC_abs="0" PMx_abs="0" NOx_abs="0" fuel_abs="0" electricity_abs="0"
            CO_normed="0" CO2_normed="0" HC_normed="0" PMx_normed="0" NOx_normed="0" fuel_normed="0" electricity_normed="0"/>
        <edge id="A12SouthIn" sampledSeconds="43.54" CO_abs="6075.042014" CO2_abs="186628.039406" HC_abs="32.073904" PMx_abs="4.031318" NOx_abs="82.450479" fuel_abs="59526.865193" electricity_abs="0"
            CO_normed="18969.752041" CO2_normed="582759.365859" HC_normed="100.153054" PMx_normed="12.588080" NOx_normed="257.457501" fuel_normed="185876.882818" electricity_normed="0"
            traveltime="24.37" CO_perVeh="3400.734953" CO2_perVeh="104472.116472" HC_perVeh="17.954583" PMx_perVeh="2.256683" NOx_perVeh="46.154779" fuel_perVeh="33322.418290" electricity_perVeh="0"/>
        <edge id="A12SouthOut" sampledSeconds="0.00" CO_abs="0" CO2_abs="0" HC_abs="0" PMx_abs="0" NOx_abs="0" fuel_abs="0" electricity_abs="0"
            CO_normed="0" CO2_normed="0" HC_normed="0" PMx_normed="0" NOx_normed="0" fuel_normed="0" electricity_normed="0"/>
        <edge id="A13In" sampledSeconds="13.05" CO_abs="1889.690245" CO2_abs="48100.930881" HC_abs="9.734305" PMx_abs="1.051892" NOx_abs="21.327206" fuel_abs="15342.460816" electricity_abs="0"
            CO_normed="5457.186378" CO2_normed="138909.403535" HC_normed="28.111442" PMx_normed="3.037732" NOx_normed="61.590272" fuel_normed="44307.085991" electricity_normed="0"
            traveltime="37.63" CO_perVeh="5448.856899" CO2_perVeh="138697.381663" HC_perVeh="28.068535" PMx_perVeh="3.033096" NOx_perVeh="61.496264" fuel_perVeh="44239.458666" electricity_perVeh="0"/>
        <edge id="A13Out" sampledSeconds="0.00" CO_abs="0" CO2_abs="0" HC_abs="0" PMx_abs="0" NOx_abs="0" fuel_abs="0" electricity_abs="0"
            CO_normed="0" CO2_normed="0" HC_normed="0" PMx_normed="0" NOx_normed="0" fuel_normed="0" electricity_normed="0"/>
        <edge id="NewIn" sampledSeconds="5.98" CO_abs="848.745490" CO2_abs="23811.978377" HC_abs="4.426251" PMx_abs="0.519383" NOx_abs="10.556088" fuel_abs="7595.107568" electricity_abs="0"
            CO_normed="8405.270039" CO2_normed="235814.046427" HC_normed="43.833910" PMx_normed="5.143534" NOx_normed="104.538719" fuel_normed="75215.633925" electricity_normed="0"
            traveltime="9.54" CO_perVeh="1354.178198" CO2_perVeh="37992.145276" HC_perVeh="7.062108" PMx_perVeh="0.828678" NOx_perVeh="16.842297" fuel_perVeh="12118.036794" electricity_perVeh="0"/>
        <edge id="NewOut" sampledSeconds="0.00" CO_abs="0" CO2_abs="0" HC_abs="0" PMx_abs="0" NOx_abs="0" fuel_abs="0" electricity_abs="0"
            CO_normed="0" CO2_normed="0" HC_normed="0" PMx_normed="0" NOx_normed="0" fuel_normed="0" electricity_normed="0"/>
        <edge id="RoundIn" sampledSeconds="12.61" CO_abs="1812.145644" CO2_abs="48781.012307" HC_abs="9.398582" PMx_abs="1.057997" NOx_abs="21.578259" fuel_abs="15559.325510" electricity_abs="0"
            CO_normed="3580.875165" CO2_normed="96393.309291" HC_normed="18.571988" PMx_normed="2.090645" NOx_normed="42.639536" fuel_normed="30745.874374" electricity_normed="0"
            traveltime="48.58" CO_perVeh="6980.939162" CO2_perVeh="187919.376343" HC_perVeh="36.206211" PMx_perVeh="4.075727" NOx_perVeh="83.126050" fuel_perVeh="59939.279811" electricity_perVeh="0"/>
        <edge id="RoundOut" sampledSeconds="0.00" CO_abs="0" CO2_abs="0" HC_abs="0" PMx_abs="0" NOx_abs="0" fuel_abs="0" electricity_abs="0"
            CO_normed="0" CO2_normed="0" HC_normed="0" PMx_normed="0" NOx_normed="0" fuel_normed="0" electricity_normed="0"/>
        <edge id="gneE10" sampledSeconds="0.00" CO_abs="0" CO2_abs="0" HC_abs="0" PMx_abs="0" NOx_abs="0" fuel_abs="0" electricity_abs="0"
            CO_normed="0" CO2_normed="0" HC_normed="0" PMx_normed="0" NOx_normed="0" fuel_normed="0" electricity_normed="0"/>
        <edge id="gneE10.144" sampledSeconds="0.00" CO_abs="0" CO2_abs="0" HC_abs="0" PMx_abs="0" NOx_abs="0" fuel_abs="0" electricity_abs="0"
            CO_normed="0" CO2_normed="0" HC_normed="0" PMx_normed="0" NOx_normed="0" fuel_normed="0" electricity_normed="0"/>
        <edge id="gneE2" sampledSeconds="0.00" CO_abs="0" CO2_abs="0" HC_abs="0" PMx_abs="0" NOx_abs="0" fuel_abs="0" electricity_abs="0"
            CO_normed="0" CO2_normed="0" HC_normed="0" PMx_normed="0" NOx_normed="0" fuel_normed="0" electricity_normed="0"/>
        <edge id="gneE22" sampledSeconds="0.00" CO_abs="0" CO2_abs="0" HC_abs="0" PMx_abs="0" NOx_abs="0" fuel_abs="0" electricity_abs="0"
            CO_normed="0" CO2_normed="0" HC_normed="0" PMx_normed="0" NOx_normed="0" fuel_normed="0" electricity_normed="0"/>
        <edge id="gneE23" sampledSeconds="0.00" CO_abs="0" CO2_abs="0" HC_abs="0" PMx_abs="0" NOx_abs="0" fuel_abs="0" electricity_abs="0"
            CO_normed="0" CO2_normed="0" HC_normed="0" PMx_normed="0" NOx_normed="0" fuel_normed="0" electricity_normed="0"/>
        <edge id="gneE27" sampledSeconds="0.00" CO_abs="0" CO2_abs="0" HC_abs="0" PMx_abs="0" NOx_abs="0" fuel_abs="0" electricity_abs="0"
            CO_normed="0" CO2_normed="0" HC_normed="0" PMx_normed="0" NOx_normed="0" fuel_normed="0" electricity_normed="0"/>
        <edge id="gneE28" sampledSeconds="0.00" CO_abs="0" CO2_abs="0" HC_abs="0" PMx_abs="0" NOx_abs="0" fuel_abs="0" electricity_abs="0"
            CO_normed="0" CO2_normed="0" HC_normed="0" PMx_normed="0" NOx_normed="0" fuel_normed="0" electricity_normed="0"/>
        <edge id="gneE29" sampledSeconds="0.00" CO_abs="0" CO2_abs="0" HC_abs="0" PMx_abs="0" NOx_abs="0" fuel_abs="0" electricity_abs="0"
            CO_normed="0" CO2_normed="0" HC_normed="0" PMx_normed="0" NOx_normed="0" fuel_normed="0" electricity_normed="0"/>
        <edge id="gneE29.88" sampledSeconds="0.00" CO_abs="0" CO2_abs="0" HC_abs="0" PMx_abs="0" NOx_abs="0" fuel_abs="0" electricity_abs="0"
            CO_normed="0" CO2_normed="0" HC_normed="0" PMx_normed="0" NOx_normed="0" fuel_normed="0" electricity_normed="0"/>
        <edge id="gneE30" sampledSeconds="0.00" CO_abs="0" CO2_abs="0" HC_abs="0" PMx_abs="0" NOx_abs="0" fuel_abs="0" electricity_abs="0"
            CO_normed="0" CO2_normed="0" HC_normed="0" PMx_normed="0" NOx_normed="0" fuel_normed="0" electricity_normed="0"/>
        <edge id="gneE32" sampledSeconds="0.00" CO_abs="0" CO2_abs="0" HC_abs="0" PMx_abs="0" NOx_abs="0" fuel_abs="0" electricity_abs="0"
            CO_normed="0" CO2_normed="0" HC_normed="0" PMx_normed="0" NOx_normed="0" fuel_normed="0" electricity_normed="0"/>
        <edge id="gneE33" sampledSeconds="0.00" CO_abs="0" CO2_abs="0" HC_abs="0" PMx_abs="0" NOx_abs="0" fuel_abs="0" electricity_abs="0"
            CO_normed="0" CO2_normed="0" HC_normed="0" PMx_normed="0" NOx_normed="0" fuel_normed="0" electricity_normed="0"/>
        <edge id="gneE34" sampledSeconds="0.00" CO_abs="0" CO2_abs="0" HC_abs="0" PMx_abs="0" NOx_abs="0" fuel_abs="0" electricity_abs="0"
            CO_normed="0" CO2_normed="0" HC_normed="0" PMx_normed="0" NOx_normed="0" fuel_normed="0" electricity_normed="0"/>
        <edge id="gneE8" sampledSeconds="0.00" CO_abs="0" CO2_abs="0" HC_abs="0" PMx_abs="0" NOx_abs="0" fuel_abs="0" electricity_abs="0"
            CO_normed="0" CO2_normed="0" HC_normed="0" PMx_normed="0" NOx_normed="0" fuel_normed="0" electricity_normed="0"/>
        <edge id="gneE8.115" sampledSeconds="0.00" CO_abs="0" CO2_abs="0" HC_abs="0" PMx_abs="0" NOx_abs="0" fuel_abs="0" electricity_abs="0"
            CO_normed="0" CO2_normed="0" HC_normed="0" PMx_normed="0" NOx_normed="0" fuel_normed="0" electricity_normed="0"/>
        <edge id="gneE8.37" sampledSeconds="0.00" CO_abs="0" CO2_abs="0" HC_abs="0" PMx_abs="0" NOx_abs="0" fuel_abs="0" electricity_abs="0"
            CO_normed="0" CO2_normed="0" HC_normed="0" PMx_normed="0" NOx_normed="0" fuel_normed="0" electricity_normed="0"/>
    </interval>
</meandata>
